filename,clipdet_latent10k_plus_global,clipdet_latent10k_plus_local,clipdet_latent10k_plus_fusiongl,clipdet_latent10k_plus,Corvi2023,clipdet_latent10k_plus_fusion_soft_or,clipdet_latent10k_plus_fusion_w_70G_30L,clipdet_latent10k_plus_fusion_w_50G_50L,clipdet_latent10k_plus_fusion_w_30G_70L,clipdet_latent10k_plus_fusion_max_calibrated,clipdet_latent10k_plus_fusion_dynamic,fusion
test_set\small_test_set\biggan_512\biggan_007_348334.png,-1.3075194,0.81635493,0.81635493,0.81635493,-2.0613742,0.8253743,-0.35014203,-0.23238942,-0.114636794,0.061992124,-0.29959512,1.3029556
test_set\small_test_set\biggan_512\biggan_039_718103.png,-1.9169035,1.3240523,1.3240523,1.3240523,-10.347387,0.9309964,-0.4866737,-0.23371787,0.019237936,0.39867166,-0.37888497,1.2327831
test_set\small_test_set\biggan_512\biggan_072_507313.png,-1.3898386,0.97737473,0.97737473,0.97737473,-7.080592,0.8819699,-0.35019562,-0.20191905,-0.053642474,0.1687724,-0.2757678,1.1517713
test_set\small_test_set\biggan_512\biggan_107_059935.png,-0.066250265,-10.0,-0.066250265,-0.066250265,-8.352034,0.16593881,-2.01816,-3.473221,-4.9282823,0.16443156,-7.1038814,0.5659096
test_set\small_test_set\biggan_512\biggan_121_065070.png,0.16415665,1.0389029,1.0389029,1.0389029,-6.96487,1.4412014,0.2677862,0.25115436,0.23452255,0.29273397,0.25288224,1.193949
test_set\small_test_set\biggan_512\biggan_193_586185.png,-0.5849863,-0.57542074,-0.57542074,-0.57542074,-6.856686,0.5182277,-0.34538835,-0.49269563,-0.64000297,-0.12442738,-0.6225014,0.46792084
test_set\small_test_set\biggan_512\biggan_240_374997.png,1.6712055,1.6403772,1.6712055,1.6712055,-2.972348,2.364499,0.9748882,0.8701894,0.76549065,1.1319363,0.93717796,1.7825882
test_set\small_test_set\biggan_512\biggan_278_031404.png,-2.4024274,1.6268003,1.6268003,1.6268003,-12.919386,1.003028,-0.61569875,-0.26851657,0.078665644,0.59943897,-0.4961326,1.3484602
test_set\small_test_set\biggan_512\biggan_307_578604.png,-2.9012086,0.21692759,0.21692759,0.21692759,-4.518069,0.123899706,-1.0906088,-0.87486863,-0.6591284,-0.33551812,-1.1404966,0.8850565
test_set\small_test_set\biggan_512\biggan_511_625806.png,-0.68883246,1.4096074,1.4096074,1.4096074,-8.612814,1.3148804,0.009044275,0.13657662,0.26410896,0.4554075,0.17985271,1.3604338
test_set\small_test_set\biggan_512\biggan_538_402332.png,0.0064397156,1.0539454,1.0539454,1.0539454,-6.5419526,1.3867171,0.20930141,0.21222967,0.2151579,0.21955025,0.21228325,1.2221878
test_set\small_test_set\biggan_512\biggan_568_585275.png,1.4053187,1.4562298,1.4562298,1.4562298,-5.566471,2.1577032,0.83461136,0.735101,0.6355907,0.9838769,0.7957444,1.5214187
test_set\small_test_set\biggan_512\biggan_640_995650.png,-2.2306728,0.8295208,0.8295208,0.8295208,-12.993683,0.59083056,-0.70736426,-0.4850536,-0.26274294,0.07072309,-0.7353097,0.8096233
test_set\small_test_set\biggan_512\biggan_724_809178.png,-0.9934249,1.2506622,1.2506622,1.2506622,-3.458319,1.1380197,-0.14130595,-0.0009319782,0.13944201,0.350003,-0.0012590438,1.4856346
test_set\small_test_set\biggan_512\biggan_757_989544.png,0.7075279,1.7257417,1.7257417,1.7257417,-9.629759,1.9858015,0.61623335,0.63018155,0.6441297,0.665052,0.63139695,1.5408175
test_set\small_test_set\biggan_512\biggan_769_242538.png,-0.28803426,0.51163816,0.51163816,0.51163816,0.78044647,1.0355566,-0.013372673,-0.049574994,-0.08577731,0.04093081,-0.054058135,1.3019328
test_set\small_test_set\biggan_512\biggan_861_680710.png,0.83867466,1.7288707,1.7288707,1.7288707,-6.0123687,2.041401,0.6679763,0.66773367,0.667491,0.6683403,0.667734,1.688856
test_set\small_test_set\biggan_512\biggan_921_863539.png,-2.2700646,0.8659344,0.8659344,0.8659344,-6.6705894,0.6015239,-0.71547467,-0.48394743,-0.2524202,0.09487073,-0.744068,1.1054802
test_set\small_test_set\biggan_512\biggan_942_051885.png,1.7394421,0.5551916,1.7394421,1.7394421,-3.9582171,1.9458047,0.7855942,0.5293678,0.27314135,1.1699339,0.83997685,1.7852545
test_set\small_test_set\biggan_512\biggan_974_443974.png,-1.9871869,1.2623749,1.2623749,1.2623749,-11.651418,0.8808659,-0.52634025,-0.27373728,-0.021134287,0.35777026,-0.4424123,1.1403027
test_set\small_test_set\dalle3\ann000000010284_00.png,-0.21633038,0.3175343,0.3175343,0.3175343,11.570501,0.98476255,-0.02403878,-0.093970776,-0.16390277,0.08085922,-0.1103515,1.8520766
test_set\small_test_set\dalle3\ann000000029747_00.png,0.3523858,1.0301895,1.0301895,1.0301895,8.308598,1.512661,0.33942372,0.3006731,0.26192248,0.39754966,0.3100289,1.9799147
test_set\small_test_set\dalle3\ann000000057264_00.png,-0.95558465,0.7466453,0.7466453,0.7466453,14.140363,0.90178865,-0.22682765,-0.1575157,-0.088203765,0.015764166,-0.1845865,2.1872253
test_set\small_test_set\dalle3\ann000000062293_00.png,-1.2518339,0.33506358,0.33506358,0.33506358,25.386913,0.6169778,-0.42418656,-0.3764693,-0.3287521,-0.25717622,-0.39063308,2.7344103
test_set\small_test_set\dalle3\ann000000105462_00.png,-0.4348734,0.87815773,0.87815773,0.87815773,16.464876,1.1418506,0.002307251,0.031069938,0.059832625,0.10297666,0.033303358,2.3907223
test_set\small_test_set\dalle3\ann000000118202_00.png,0.097845346,0.11350581,0.11350581,0.11350581,14.3069315,1.0371827,0.05783522,-0.07414693,-0.20612907,0.25580844,-0.09856733,1.950182
test_set\small_test_set\dalle3\ann000000121497_00.png,-0.07059601,1.5059464,1.5059464,1.5059464,20.372185,1.5755026,0.26919654,0.34065315,0.41210973,0.5192947,0.37223077,2.9634027
test_set\small_test_set\dalle3\ann000000134102_00.png,-0.20306213,0.6567887,0.6567887,0.6567887,8.395766,1.1297243,0.0486261,0.022211725,-0.004202649,0.088247664,0.023678258,1.801816
test_set\small_test_set\dalle3\ann000000256511_00.png,-0.6416534,1.3603724,1.3603724,1.3603724,12.089121,1.3049438,0.017639436,0.13338739,0.24913535,0.42275733,0.17175841,2.380763
test_set\small_test_set\dalle3\ann000000295641_00.png,-1.824337,-0.7424475,-0.7424475,-0.7424475,14.5437,-0.011220104,-0.8617114,-0.8931446,-0.92457783,-0.8145616,-0.89930725,1.7450706
test_set\small_test_set\dalle3\ann000000300429_00.png,-0.41017234,0.41080725,0.41080725,0.41080725,14.965623,0.94689065,-0.08104142,-0.11701439,-0.15298736,-0.027081959,-0.1250805,2.097581
test_set\small_test_set\dalle3\ann000000306265_00.png,-0.7144077,0.4355581,0.4355581,0.4355581,11.693169,0.8446629,-0.19470708,-0.19351456,-0.19232205,-0.19053328,-0.19352345,1.9053326
test_set\small_test_set\dalle3\ann000000355958_00.png,-1.0811969,-0.29587537,-0.29587537,-0.29587537,12.942561,0.4183987,-0.48319507,-0.5381632,-0.59313124,-0.40074295,-0.55692947,1.7430234
test_set\small_test_set\dalle3\ann000000372612_00.png,0.408591,0.6014053,0.6014053,0.6014053,19.158855,1.3544794,0.2760278,0.17414795,0.07226809,0.4288476,0.21806031,2.4364712
test_set\small_test_set\dalle3\ann000000375355_00.png,-0.43673468,0.25230703,0.25230703,0.25230703,13.360858,0.8724872,-0.122928135,-0.17696473,-0.23100135,-0.04187323,-0.19510424,1.9387786
test_set\small_test_set\dalle3\ann000000388247_00.png,-1.0693417,0.40227583,0.40227583,0.40227583,14.814454,0.70697904,-0.33968025,-0.3033729,-0.2670655,-0.21260443,-0.31158924,2.0848875
test_set\small_test_set\dalle3\ann000000431926_00.png,0.65440595,1.0958028,1.0958028,1.0958028,18.22028,1.6669614,0.47020343,0.406519,0.3428346,0.56573004,0.43165514,2.606054
test_set\small_test_set\dalle3\ann000000454885_00.png,-0.19705445,1.9827842,1.9827842,1.9827842,11.253327,1.7798693,0.31476808,0.46355137,0.6123347,0.8355097,0.5958582,2.7245378
test_set\small_test_set\dalle3\ann000000463688_00.png,0.4053209,1.3426603,1.3426603,1.3426603,10.68981,1.6776311,0.42222214,0.4190191,0.41581607,0.42702666,0.41908324,2.2893295
test_set\small_test_set\dalle3\ann000000465544_00.png,0.056627363,0.78075594,0.78075594,0.78075594,20.895533,1.2845163,0.1745147,0.1356204,0.096726105,0.23285614,0.1450455,2.6229255
test_set\small_test_set\DiffusionProjectedGan\seed0252.png,1.376235,1.8886187,1.8886187,1.8886187,0.649291,2.3513572,0.9092963,0.87037265,0.8314491,0.9676816,0.8798119,2.1027591
test_set\small_test_set\DiffusionProjectedGan\seed0518.png,1.878819,2.9382124,2.9382124,2.9382124,-8.864751,3.1336045,1.3140129,1.358324,1.4026351,1.4691018,1.3705457,2.5118515
test_set\small_test_set\DiffusionProjectedGan\seed0577.png,2.1521804,1.5823373,2.1521804,2.1521804,-3.30737,2.5642648,1.1508235,0.9848606,0.8188977,1.3997679,1.1477662,2.1113055
test_set\small_test_set\DiffusionProjectedGan\seed1219.png,3.0341208,1.86981,3.0341208,3.0341208,0.44909406,3.1328614,1.5517917,1.3257343,1.0996768,1.8908776,1.6149654,2.9638195
test_set\small_test_set\DiffusionProjectedGan\seed1420.png,1.4267437,2.3106582,2.3106582,2.3106582,-2.7235162,2.5901017,1.0129471,1.0243734,1.0357997,1.0529393,1.0251892,2.2556667
test_set\small_test_set\DiffusionProjectedGan\seed1581.png,1.2892983,1.5930085,1.5930085,1.5930085,3.1508856,2.169435,0.81659853,0.74815035,0.67970216,0.91927075,0.77715003,2.0290394
test_set\small_test_set\DiffusionProjectedGan\seed3198.png,1.4888096,1.4819493,1.4888096,1.4888096,-2.7929845,2.2073867,0.87227255,0.766875,0.66147745,1.0303689,0.83474064,1.6688379
test_set\small_test_set\DiffusionProjectedGan\seed3431.png,2.7763534,2.4570653,2.7763534,2.7763534,-5.9035134,3.296721,1.5681463,1.4486843,1.3292222,1.7473395,1.5353187,2.4894922
test_set\small_test_set\DiffusionProjectedGan\seed3483.png,1.7637355,2.212631,2.212631,2.212631,-12.104193,2.6893306,1.1248031,1.0856972,1.0465913,1.1834618,1.0952247,1.8187473
test_set\small_test_set\DiffusionProjectedGan\seed3497.png,1.8827882,1.4249904,1.8827882,1.8827882,-0.82674587,2.3647306,1.0145121,0.8576825,0.70085305,1.2497563,1.0039836,2.028426
test_set\small_test_set\DiffusionProjectedGan\seed3745.png,1.4960111,1.8613479,1.8613479,1.8613479,-3.2200603,2.3911934,0.95055914,0.8946792,0.8387992,1.0343791,0.91406924,1.9037676
test_set\small_test_set\DiffusionProjectedGan\seed3770.png,1.7953544,1.6975511,1.7953544,1.7953544,2.281779,2.4489083,1.0346553,0.9237131,0.8127708,1.2010688,0.99872565,2.118873
test_set\small_test_set\DiffusionProjectedGan\seed6291.png,1.6988444,1.8605298,1.8605298,1.8605298,-2.9487457,2.4827259,1.02946,0.9508819,0.87230384,1.1473271,0.98898375,1.9153279
test_set\small_test_set\DiffusionProjectedGan\seed6555.png,2.3055563,2.299855,2.3055563,2.3055563,-3.2641082,2.9870312,1.3533554,1.2654753,1.1775953,1.4851755,1.3129816,2.22843
test_set\small_test_set\DiffusionProjectedGan\seed6637.png,1.3687894,1.7696761,1.7696761,1.7696761,-5.913921,2.2895367,0.88273096,0.8288613,0.77499163,0.9635355,0.8468896,1.7218513
test_set\small_test_set\DiffusionProjectedGan\seed7004.png,2.0268297,2.0471478,2.0471478,2.0471478,0.4334962,2.7269626,1.194434,1.1040792,1.0137244,1.3299662,1.1542537,2.2047029
test_set\small_test_set\DiffusionProjectedGan\seed9643.png,1.2679448,1.5375296,1.5375296,1.5375296,-8.573105,2.133836,0.79723775,0.7238096,0.6503814,0.90738004,0.75713426,1.4494133
test_set\small_test_set\DiffusionProjectedGan\seed10305.png,2.0299048,1.2504926,2.0299048,2.0299048,-0.045141846,2.3589914,1.037142,0.8407845,0.64442694,1.3316785,1.0641048,2.169668
test_set\small_test_set\DiffusionProjectedGan\seed11176.png,2.3457193,0.72086585,2.3457193,2.3457193,-7.3666067,2.3049695,1.0548787,0.7531044,0.45133007,1.5075402,1.233678,2.0924165
test_set\small_test_set\DiffusionProjectedGan\seed11824.png,1.5774039,1.6910608,1.6910608,1.6910608,0.3822099,2.3455021,0.9484079,0.860878,0.77334815,1.0797027,0.9080124,1.9545534
test_set\small_test_set\progan_lsun\airplane_00820.png,1.8130507,2.0400982,2.0400982,2.0400982,-10.682555,2.624087,1.1097013,1.0422201,0.9747391,1.210923,1.0704138,1.7349005
test_set\small_test_set\progan_lsun\bicycle_06930.png,1.550353,2.1331122,2.1331122,2.1331122,-4.816137,2.5522044,1.0258075,0.99991953,0.9740316,1.0646394,1.0041023,2.0327477
test_set\small_test_set\progan_lsun\bird_05454.png,2.4854262,1.1261163,2.4854262,2.4854262,-3.1739907,2.5308998,1.1899585,0.9263733,0.66278815,1.5853362,1.3070382,2.3703296
test_set\small_test_set\progan_lsun\bottle_02976.png,0.79024434,0.5687619,0.79024434,0.79024434,-13.805583,1.5077416,0.4183005,0.26958632,0.12087212,0.64137185,0.3674551,0.753248
test_set\small_test_set\progan_lsun\bus_05450.png,2.9099114,1.5340841,2.9099114,2.9099114,-16.242994,2.9168136,1.4365842,1.1798328,0.9230814,1.8217114,1.54325,2.2603536
test_set\small_test_set\progan_lsun\car_09850.png,2.557486,3.0144985,3.0144985,3.0144985,-13.86078,3.4927037,1.5937314,1.572577,1.5514226,1.6254629,1.5753713,2.4145246
test_set\small_test_set\progan_lsun\cat_05970.png,2.5144749,0.749098,2.5144749,2.5144749,-15.30778,2.4002204,1.1262757,0.8094514,0.4926271,1.6015121,1.3318747,1.9599638
test_set\small_test_set\progan_lsun\chair_15766.png,1.412135,0.2297392,1.412135,1.412135,-16.391277,1.6756175,0.59326416,0.33032525,0.067386314,0.98767257,0.53989613,1.0762413
test_set\small_test_set\progan_lsun\cow_03634.png,2.0673008,1.529386,2.0673008,2.0673008,-21.459595,2.49947,1.1072034,0.9436706,0.7801378,1.3525025,1.1020849,1.4372119
test_set\small_test_set\progan_lsun\diningtable_10104.png,2.2940702,1.7738608,2.2940702,2.2940702,-16.56724,2.7215538,1.2442343,1.0878708,0.93150735,1.4787794,1.2333448,1.7459652
test_set\small_test_set\progan_lsun\dog_05830.png,3.2338254,1.144732,3.2338254,3.2338254,-12.122594,2.9189541,1.4853852,1.1409194,0.79645383,2.0020835,1.7410277,2.6506362
test_set\small_test_set\progan_lsun\horse_12307.png,1.707066,1.6383543,1.707066,1.707066,-19.82108,2.3800983,0.988464,0.87950313,0.7705423,1.1519053,0.95192367,1.1946805
test_set\small_test_set\progan_lsun\motorbike_08828.png,0.09091449,2.996624,2.996624,2.996624,-3.5179858,2.4522681,0.6287156,0.87989324,1.1310709,1.5078375,1.229429,2.7628365
test_set\small_test_set\progan_lsun\person_12892.png,3.1483927,1.455731,3.1483927,3.1483927,-5.4782023,3.00395,1.5139554,1.2202523,0.9265491,1.9545101,1.6796504,2.809489
test_set\small_test_set\progan_lsun\pottedplant_06062.png,1.284103,1.493847,1.493847,1.493847,-31.420792,2.1206439,0.7948457,0.7138244,0.632803,0.9163778,0.75430024,0.7773797
test_set\small_test_set\progan_lsun\sheep_14005.png,2.264484,1.7588626,2.264484,2.264484,-20.375555,2.7001982,1.2297179,1.0746602,0.9196026,1.4623042,1.2178277,1.6226791
test_set\small_test_set\progan_lsun\sofa_02909.png,3.4616313,2.8097625,3.4616313,3.4616313,-2.3412838,3.827341,1.9054323,1.756429,1.6074255,2.1289375,1.8891106,3.1951158
test_set\small_test_set\progan_lsun\sofa_09016.png,2.3021293,1.3523754,2.3021293,2.3021293,-7.0303617,2.5349743,1.1635232,0.9503606,0.737198,1.4832671,1.2102057,2.0716746
test_set\small_test_set\progan_lsun\train_17058.png,0.46663484,1.3805685,1.3805685,1.3805685,-17.17888,1.7202067,0.4536637,0.44865987,0.4436561,0.4611694,0.44881636,1.0283052
test_set\small_test_set\progan_lsun\tvmonitor_10558.png,2.22016,1.7043138,2.22016,2.22016,-6.053105,2.653264,1.2015884,1.0442322,0.88687617,1.4376224,1.19147,2.0475595
test_set\small_test_set\real_coco_valid\000000010977.jpg,-1.6178082,2.004713,2.004713,2.004713,-5.3835263,1.3860399,-0.23467347,0.075248,0.38516948,0.85005176,0.13344061,1.9138783
test_set\small_test_set\real_coco_valid\000000020553.jpg,-2.150403,0.39250064,0.39250064,0.39250064,-24.961416,0.3847195,-0.7630184,-0.6076094,-0.45220038,-0.21908684,-0.75139606,0.115196586
test_set\small_test_set\real_coco_valid\000000042889.jpg,-3.2393222,-0.34331918,-0.34331918,-0.34331918,-14.072458,-0.23092636,-1.3338624,-1.154772,-0.97568154,-0.7070458,-1.3428295,0.16599768
test_set\small_test_set\real_coco_valid\000000044260.jpg,-2.6553063,-1.0892904,-1.0892904,-1.0892904,-30.306341,-0.4105448,-1.2546227,-1.2395124,-1.2244021,-1.2017366,-1.2409387,-0.86992204
test_set\small_test_set\real_coco_valid\000000084650.jpg,-4.4093213,-0.9879952,-0.9879952,-0.9879952,-14.555987,-0.77588475,-1.9181783,-1.6942883,-1.470398,-1.1345626,-1.9785023,-0.07827276
test_set\small_test_set\real_coco_valid\000000100582.jpg,-2.072644,-0.2701798,-0.2701798,-0.2701798,-21.78741,0.097911105,-0.8645452,-0.80568755,-0.74682987,-0.6585434,-0.8271841,-0.14892548
test_set\small_test_set\real_coco_valid\000000104455.jpg,-1.9208447,-1.0478846,-1.0478846,-1.0478846,-23.913465,-0.15268643,-0.9600949,-1.0212902,-1.0824854,-0.86830205,-1.0445147,-0.5727198
test_set\small_test_set\real_coco_valid\000000111951.jpg,-2.072714,0.1246666,0.1246666,0.1246666,-18.730072,0.27575,-0.7860198,-0.67478585,-0.5635519,-0.39670098,-0.75018346,0.17646813
test_set\small_test_set\real_coco_valid\000000144798.jpg,-3.6494718,-0.6358469,-0.6358469,-0.6358469,-15.532345,-0.4596361,-1.5519341,-1.3659631,-1.1799921,-0.9010355,-1.5677843,-0.017076254
test_set\small_test_set\real_coco_valid\000000159311.jpg,-3.086393,0.13774161,0.13774161,0.13774161,-31.383009,0.045407258,-1.1785467,-0.9526849,-0.7268231,-0.3880303,-1.2414621,-0.2302981
test_set\small_test_set\real_coco_valid\000000164637.jpg,-2.8426256,-1.1930392,-1.1930392,-1.1930392,-19.565525,-0.50690293,-1.3482794,-1.3260674,-1.3038555,-1.2705376,-1.3291478,-0.40399128
test_set\small_test_set\real_coco_valid\000000172396.jpg,-3.8067758,-0.7009722,-0.7009722,-0.7009722,-20.217974,-0.52268845,-1.626207,-1.4313545,-1.2365019,-0.9442233,-1.6515069,-0.26949292
test_set\small_test_set\real_coco_valid\000000210855.jpg,-4.2488036,-0.984875,-0.984875,-0.984875,-19.068377,-0.74652565,-1.8549886,-1.6485615,-1.4421343,-1.1324935,-1.8935181,-0.31442952
test_set\small_test_set\real_coco_valid\000000222299.jpg,-3.693308,0.30703408,0.30703408,0.30703408,-37.667072,0.033539604,-1.3814398,-1.0655324,-0.7496251,-0.275764,-1.5854195,-0.24780214
test_set\small_test_set\real_coco_valid\000000225532.jpg,-3.6584818,-0.18444115,-0.18444115,-0.18444115,-11.741357,-0.22975704,-1.4656413,-1.2187968,-0.97195244,-0.60168576,-1.5576607,0.34556526
test_set\small_test_set\real_coco_valid\000000229858.jpg,-1.8102596,1.7106574,1.7106574,1.7106574,-31.744326,1.1727369,-0.36819112,-0.0758369,0.21651737,0.6550488,-0.13115895,0.94855314
test_set\small_test_set\real_coco_valid\000000263860.jpg,-2.0745156,0.93606985,0.93606985,0.93606985,-13.411316,0.68353087,-0.62529737,-0.4062464,-0.18719542,0.14138107,-0.61723685,0.85941106
test_set\small_test_set\real_coco_valid\000000269866.jpg,-2.767958,-0.14671217,-0.14671217,-0.14671217,-21.335613,-0.029734906,-1.1110126,-0.9583421,-0.8056716,-0.5766658,-1.0973341,-0.069058776
test_set\small_test_set\real_coco_valid\000000279887.jpg,-1.6108944,0.93649,0.93649,0.93649,-33.274673,0.79999334,-0.44449612,-0.27702305,-0.10954996,0.14165969,-0.3901292,0.30562562
test_set\small_test_set\real_coco_valid\000000289992.jpg,-2.6248796,-10.0,-2.6248796,-2.6248796,-15.117387,-1.2566577,-3.0155036,-4.1856093,-5.3557153,-1.260345,-7.0940824,-0.39456028
test_set\small_test_set\real_ffhq\000026.png,-2.8726046,-0.47630656,-0.47630656,-0.47630656,-9.816288,-0.21070167,-1.2173746,-1.0967636,-0.9761528,-0.7952363,-1.1850235,0.33630443
test_set\small_test_set\real_ffhq\000157.png,-0.61486256,0.7340565,0.7340565,0.7340565,-9.001959,1.0118823,-0.09652003,-0.06682405,-0.03712807,0.0074159033,-0.071777694,0.9236881
test_set\small_test_set\real_ffhq\000202.png,-1.62128,0.14283033,0.14283033,0.14283033,-9.2386675,0.41478574,-0.606439,-0.54307234,-0.4797057,-0.3846557,-0.5679603,0.6108887
test_set\small_test_set\real_ffhq\000222.png,-2.3743255,0.23623958,0.23623958,0.23623958,-7.305883,0.25175843,-0.88138986,-0.7217674,-0.562145,-0.32271138,-0.87306595,0.7498174
test_set\small_test_set\real_ffhq\000496.png,-0.8626995,0.90475726,0.90475726,0.90475726,-11.699468,1.0072775,-0.1591658,-0.0792281,0.00070958585,0.12061613,-0.09502833,0.90828043
test_set\small_test_set\real_ffhq\000542.png,-1.9885318,-1.2761707,-1.2761707,-1.2761707,-24.852129,-0.25216576,-1.0318955,-1.11583,-1.1997645,-0.9059937,-1.1592263,-0.6962308
test_set\small_test_set\real_ffhq\000665.png,-1.4706472,0.594596,0.594596,0.594596,-12.029102,0.6693361,-0.4578464,-0.3513381,-0.24482977,-0.08506729,-0.42060882,0.7116951
test_set\small_test_set\real_ffhq\000677.png,-1.5030786,-0.6425925,-0.6425925,-0.6425925,-14.505769,0.13806139,-0.71662056,-0.77058864,-0.8245567,-0.6356684,-0.7886824,0.032873273
test_set\small_test_set\real_ffhq\000926.png,-1.3987043,-0.20390546,-0.20390546,-0.20390546,-10.375306,0.34053853,-0.58866125,-0.59607047,-0.6034797,-0.5775474,-0.59641355,0.4067276
test_set\small_test_set\real_ffhq\001036.png,-1.1249765,1.2158593,1.2158593,1.2158593,-11.358355,1.0807381,-0.19950816,-0.049099132,0.10130988,0.32692343,-0.06754668,1.1207196
test_set\small_test_set\real_ffhq\001059.png,-0.113833755,0.38001415,0.38001415,0.38001415,-9.034535,1.0504643,0.02834405,-0.04471632,-0.117776684,0.13793461,-0.052878357,0.73373616
test_set\small_test_set\real_ffhq\001099.png,-1.4002012,0.5955572,0.5955572,0.5955572,-11.839624,0.6907653,-0.43019563,-0.3314054,-0.2326152,-0.08442988,-0.39119166,0.72040474
test_set\small_test_set\real_ffhq\001349.png,-1.3728375,-0.046943802,-0.046943802,-0.046943802,-8.628071,0.4130157,-0.5473517,-0.5368239,-0.52629614,-0.5105044,-0.5375165,0.5595628
test_set\small_test_set\real_ffhq\001423.png,-0.8154198,0.6297803,0.6297803,0.6297803,-10.126897,0.89484906,-0.19544166,-0.15723972,-0.11903778,-0.061734844,-0.16633327,0.8148019
test_set\small_test_set\real_ffhq\001902.png,-1.1641984,0.95990574,0.95990574,0.95990574,-16.51598,0.93930984,-0.26571736,-0.1448873,-0.024057247,0.15718785,-0.18835044,0.7597331
test_set\small_test_set\real_ffhq\001927.png,-2.1243665,-0.18025519,-0.18025519,-0.18025519,-8.730302,0.12219262,-0.8668164,-0.79027164,-0.713727,-0.59890985,-0.8264504,0.5010853
test_set\small_test_set\real_ffhq\001970.png,-1.5357027,-0.53743756,-0.53743756,-0.53743756,-17.229126,0.16470547,-0.7084172,-0.7448052,-0.78119326,-0.6538352,-0.753058,-0.06398618
test_set\small_test_set\real_ffhq\002217.png,-3.3006482,-0.744966,-0.744966,-0.744966,-9.522365,-0.4370181,-1.4376727,-1.3050227,-1.1723728,-0.9733978,-1.411136,0.26841062
test_set\small_test_set\real_ffhq\002250.png,-2.0529592,0.6171851,0.6171851,0.6171851,-6.560713,0.5221908,-0.68033534,-0.50597876,-0.33162218,-0.070087336,-0.6847959,0.97393477
test_set\small_test_set\real_ffhq\002295.png,-1.1638494,1.1629373,1.1629373,1.1629373,-12.268229,1.042053,-0.22518918,-0.07746993,0.07024932,0.29182822,-0.10602234,1.0503224
test_set\small_test_set\real_imagenet_val\ILSVRC2012_val_00000423.JPEG,-0.6716194,0.47360647,0.47360647,0.47360647,-5.2635064,0.8764142,-0.17045885,-0.16898534,-0.1675118,-0.16530152,-0.1689989,0.9650768
test_set\small_test_set\real_imagenet_val\ILSVRC2012_val_00000526.JPEG,-2.72095,-0.87742543,-0.87742543,-0.87742543,-18.004309,-0.34556606,-1.2380607,-1.18754,-1.1370194,-1.0612383,-1.2034079,-0.2252295
test_set\small_test_set\real_imagenet_val\ILSVRC2012_val_00000628.JPEG,-2.972179,-1.1826785,-1.1826785,-1.1826785,-24.003824,-0.5406728,-1.3967174,-1.358703,-1.3206885,-1.2636669,-1.3677077,-0.62406576
test_set\small_test_set\real_imagenet_val\ILSVRC2012_val_00000960.JPEG,-2.6841874,-0.37870586,-0.37870586,-0.37870586,-33.36572,-0.11861714,-1.1245131,-1.0119414,-0.89936984,-0.7305124,-1.089117,-0.61024195
test_set\small_test_set\real_imagenet_val\ILSVRC2012_val_00001462.JPEG,-2.1718457,-0.42828423,-0.42828423,-0.42828423,-7.7014503,0.0010886225,-0.93466765,-0.8857313,-0.8367949,-0.7633903,-0.9006243,0.46728447
test_set\small_test_set\real_imagenet_val\ILSVRC2012_val_00001721.JPEG,-0.86843157,-0.78329945,-0.78329945,-0.78329945,-14.555209,0.33656147,-0.49723062,-0.6405415,-0.7838524,-0.28226426,-0.7636798,-0.016495109
test_set\small_test_set\real_imagenet_val\ILSVRC2012_val_00004525.JPEG,-3.148341,-0.7454431,-0.7454431,-0.7454431,-17.663322,-0.40114844,-1.3783989,-1.2627747,-1.1471505,-0.9737143,-1.3440787,-0.16271985
test_set\small_test_set\real_imagenet_val\ILSVRC2012_val_00004712.JPEG,-2.3271127,-0.7253783,-0.7253783,-0.7253783,-20.642796,-0.16778836,-1.0542955,-1.0274706,-1.0006456,-0.9604083,-1.0319613,-0.29884213
test_set\small_test_set\real_imagenet_val\ILSVRC2012_val_00004794.JPEG,-1.9676203,-0.9620724,-0.9620724,-0.9620724,-36.54148,-0.13952628,-0.9612559,-1.0058606,-1.0504651,-0.8943491,-1.018244,-1.0367796
test_set\small_test_set\real_imagenet_val\ILSVRC2012_val_00006065.JPEG,-2.368841,0.44457787,0.44457787,0.44457787,-21.071007,0.35794377,-0.8378042,-0.65116066,-0.46451712,-0.18455184,-0.8543479,0.2735989
test_set\small_test_set\real_imagenet_val\ILSVRC2012_val_00006087.JPEG,-1.8837206,0.34084058,0.34084058,0.34084058,-24.448503,0.42994675,-0.6693441,-0.55048734,-0.4316305,-0.25334522,-0.63627076,0.09823179
test_set\small_test_set\real_imagenet_val\ILSVRC2012_val_00006515.JPEG,-2.9849646,-0.07514408,-0.07514408,-0.07514408,-33.09596,-0.04312012,-1.1813627,-0.99503213,-0.80870146,-0.52920544,-1.1975834,-0.4136991
test_set\small_test_set\real_imagenet_val\ILSVRC2012_val_00006920.JPEG,-1.5894772,1.0309384,1.0309384,1.0309384,-9.16804,0.8546126,-0.41735774,-0.2397432,-0.062128663,0.20429315,-0.34420416,1.0922068
test_set\small_test_set\real_imagenet_val\ILSVRC2012_val_00008442.JPEG,-1.5951688,0.8700294,0.8700294,0.8700294,-5.419698,0.770245,-0.45158836,-0.2946813,-0.13777426,0.09758634,-0.40704155,1.1667048
test_set\small_test_set\real_imagenet_val\ILSVRC2012_val_00008809.JPEG,-1.5395045,-0.55570835,-0.55570835,-0.55570835,-24.795092,0.15660912,-0.71353406,-0.7519219,-0.79030985,-0.6559522,-0.76110387,-0.4075523
test_set\small_test_set\real_imagenet_val\ILSVRC2012_val_00009068.JPEG,-3.1136582,-0.40493786,-0.40493786,-0.40493786,-31.273684,-0.23371692,-1.297138,-1.1402152,-0.98329234,-0.7479081,-1.2866819,-0.56255233
test_set\small_test_set\real_imagenet_val\ILSVRC2012_val_00009116.JPEG,-0.5216183,1.837206,1.837206,1.837206,-4.4213147,1.5940609,0.15929231,0.3249144,0.49053642,0.73896956,0.4549044,1.8337246
test_set\small_test_set\real_imagenet_val\ILSVRC2012_val_00012457.JPEG,-3.738681,-2.078261,-2.078261,-2.078261,-0.33907625,-1.101558,-1.8736687,-1.8690697,-1.8644708,-1.8575724,-1.8692019,0.6017978
test_set\small_test_set\real_imagenet_val\ILSVRC2012_val_00012533.JPEG,-1.7269627,0.29642576,0.29642576,0.29642576,-6.2386966,0.45331934,-0.61707664,-0.5215687,-0.4260608,-0.2827989,-0.5775205,0.83146536
test_set\small_test_set\real_imagenet_val\ILSVRC2012_val_00012831.JPEG,-3.0680137,0.3996998,0.3996998,0.3996998,-23.189657,0.18851773,-1.1192672,-0.8607088,-0.6021504,-0.21431272,-1.2286626,0.175241
test_set\small_test_set\real_lsun\airplane_00049.png,0.48309413,1.0186837,1.0186837,1.0186837,-24.517006,1.5612278,0.38808426,0.33325058,0.27841693,0.47033477,0.35192582,0.5565789
test_set\small_test_set\real_lsun\bedroom_00253.png,-1.6646805,1.117506,1.117506,1.117506,-12.39497,0.88042915,-0.42944944,-0.23197807,-0.034506664,0.26170048,-0.34448966,1.015575
test_set\small_test_set\real_lsun\bicycle_00807.png,-0.47955006,1.1736952,1.1736952,1.1736952,-28.583693,1.2662567,0.043688174,0.11662364,0.1895591,0.29896232,0.13779274,0.5779137
test_set\small_test_set\real_lsun\bird_14085.png,0.44976708,0.20263383,0.44976708,0.44976708,-16.428898,1.221423,0.21274447,0.053389758,-0.10596496,0.45177656,0.07463935,0.4479465
test_set\small_test_set\real_lsun\boat_00049.png,1.6767778,3.1298933,3.1298933,3.1298933,-30.417952,3.1526377,1.273392,1.365627,1.4578623,1.596215,1.417875,2.1698897
test_set\small_test_set\real_lsun\bottle_16841.png,0.22273245,0.6398548,0.6398548,0.6398548,-25.101517,1.2923418,0.2112302,0.13514902,0.05906784,0.32535198,0.1606994,0.27459735
test_set\small_test_set\real_lsun\bus_07091.png,1.3358464,2.1299894,2.1299894,2.1299894,-30.550398,2.4560134,0.9415724,0.93916,0.9367475,0.94519114,0.9391963,1.3144138
test_set\small_test_set\real_lsun\car_12364.png,1.9686549,2.525372,2.525372,2.525372,-23.921602,2.9476588,1.266898,1.2464491,1.2260002,1.2975714,1.2490604,1.7604495
test_set\small_test_set\real_lsun\cat_09253.png,0.23375025,1.4626089,1.4626089,1.4626089,-22.726034,1.6679714,0.37920773,0.41102135,0.442835,0.49055547,0.41733372,0.93214685
test_set\small_test_set\real_lsun\chair_02356.png,0.91422904,1.6095312,1.6095312,1.6095312,-29.321669,2.0147185,0.67368513,0.64919996,0.62471473,0.7104129,0.65294224,0.90663004
test_set\small_test_set\real_lsun\church_09825.png,1.6213017,3.166446,3.166446,3.166446,-13.526754,3.1494112,1.2590396,1.3623011,1.4655627,1.6204549,1.4275025,2.551739
test_set\small_test_set\real_lsun\cow_15908.png,-0.48598593,1.661881,1.661881,1.661881,-31.107256,1.5120826,0.13830161,0.27670193,0.41510224,0.6227027,0.37007022,0.918713
test_set\small_test_set\real_lsun\dog_05450.png,0.70277,1.0347087,1.0347087,1.0347087,-23.534954,1.6606729,0.47690117,0.39972752,0.32255393,0.5926616,0.43649602,0.593981
test_set\small_test_set\real_lsun\horse_16219.png,0.07336292,0.24379471,0.24379471,0.24379471,-21.609472,1.0746926,0.07421239,-0.037762918,-0.14973822,0.24217536,-0.04832916,0.13440788
test_set\small_test_set\real_lsun\motorbike_14864.png,1.3310108,1.7910359,1.7910359,1.7910359,-27.818518,2.2832422,0.87225443,0.8254251,0.77859575,0.94249845,0.83906895,1.080563
test_set\small_test_set\real_lsun\person_00049.png,1.1107186,0.87441736,1.1107186,1.1107186,-22.669205,1.7725644,0.6040287,0.4601623,0.31629586,0.8198284,0.58421826,0.6721914
test_set\small_test_set\real_lsun\pottedplant_11308.png,0.04110515,1.2243178,1.2243178,1.2243178,-31.118475,1.479515,0.25670862,0.27837265,0.30003667,0.3325327,0.2813031,0.5681516
test_set\small_test_set\real_lsun\sheep_07543.png,0.049377948,0.7517891,0.7517891,0.7517891,-26.777306,1.2691782,0.1659261,0.12399729,0.082068495,0.2288193,0.13494489,0.30760676
test_set\small_test_set\real_lsun\train_03655.png,0.8096045,2.469778,2.469778,2.469778,-30.755913,2.4175975,0.8040447,0.9053061,1.0065675,1.1584597,0.968058,1.5982151
test_set\small_test_set\real_lsun\tvmonitor_14085.png,-0.4817537,1.2863404,1.2863404,1.2863404,-19.752598,1.3210241,0.065239385,0.1533604,0.2414814,0.37366295,0.18688366,0.8817573
test_set\small_test_set\stable_diffusion\captions_val2017_10935.png,0.96455777,1.6677431,1.6677431,1.6677431,10.34995,2.0642912,0.70488405,0.68251437,0.6601447,0.73843855,0.68563867,2.466762
test_set\small_test_set\stable_diffusion\captions_val2017_11319.png,1.3043103,1.2235779,1.3043103,1.3043103,10.669144,2.0077553,0.74895376,0.62983614,0.51071846,0.92763025,0.7159857,2.2661502
test_set\small_test_set\stable_diffusion\captions_val2017_11616.png,-0.23438975,0.68757844,0.68757844,0.68757844,15.893114,1.131006,0.042540178,0.023698412,0.004856646,0.07080283,0.024814505,2.268784
test_set\small_test_set\stable_diffusion\captions_val2017_13634.png,-0.90843594,0.37198842,0.37198842,0.37198842,15.016517,0.7486884,-0.2829854,-0.26861513,-0.2542449,-0.23268953,-0.26990524,2.0859725
test_set\small_test_set\stable_diffusion\captions_val2017_15485.png,-1.1416095,1.1091057,1.1091057,1.1091057,18.18239,1.0211241,-0.22722971,-0.089127004,0.048975706,0.2561298,-0.11981746,2.6105292
test_set\small_test_set\stable_diffusion\captions_val2017_16437.png,-0.8498075,0.11494203,0.11494203,0.11494203,10.559313,0.6623175,-0.31127036,-0.33752164,-0.36377293,-0.27189344,-0.34182256,1.7172079
test_set\small_test_set\stable_diffusion\captions_val2017_17068.png,0.19693944,0.24597402,0.24597402,0.24597402,8.91173,1.1276509,0.12281557,-0.0026334375,-0.12808245,0.3109891,-0.0034593195,1.663166
test_set\small_test_set\stable_diffusion\captions_val2017_18675.png,1.0538868,1.8225574,1.8225574,1.8225574,18.07099,2.1785443,0.77050364,0.7587184,0.7469331,0.7881815,0.7595861,3.0168815
test_set\small_test_set\stable_diffusion\captions_val2017_107862.png,0.99431634,2.6520853,2.6520853,2.6520853,14.466372,2.592964,0.9123138,1.0171832,1.1220527,1.2793567,1.0843854,3.3873372
test_set\small_test_set\stable_diffusion\captions_val2017_111064.png,0.46542677,1.5449839,1.5449839,1.5449839,27.91062,1.7989904,0.4859024,0.50283957,0.5197767,0.5451824,0.5046314,3.4600215
test_set\small_test_set\stable_diffusion\captions_val2017_113211.png,0.64653707,1.1508747,1.1508747,1.1508747,8.489276,1.6881802,0.47809243,0.4225886,0.3670847,0.5613482,0.44172016,2.0551653
test_set\small_test_set\stable_diffusion\captions_val2017_115161.png,-0.78938395,0.13177854,0.13177854,0.13177854,13.884365,0.69124085,-0.28436795,-0.3151156,-0.34586325,-0.2382465,-0.32101282,1.9297175
test_set\small_test_set\stable_diffusion\captions_val2017_118293.png,0.5521947,0.529703,0.5521947,0.5521947,18.485777,1.3878946,0.31773916,0.19035624,0.06297331,0.50881356,0.2502548,2.3739429
test_set\small_test_set\stable_diffusion\captions_val2017_119143.png,-0.12860045,0.8760129,0.8760129,0.8760129,10.822677,1.2543569,0.121264525,0.11563304,0.11000155,0.12971176,0.11583124,2.048321
test_set\small_test_set\stable_diffusion\captions_val2017_121297.png,-1.2038717,0.26381153,0.26381153,0.26381153,14.981095,0.60132945,-0.41966635,-0.3867408,-0.35381532,-0.30442703,-0.3935011,2.0440907
test_set\small_test_set\stable_diffusion\captions_val2017_128814.png,-0.8904599,0.20566884,0.20566884,0.20566884,7.0137014,0.68467855,-0.30906683,-0.31875753,-0.32844824,-0.29453078,-0.31934437,1.5338717
test_set\small_test_set\stable_diffusion\captions_val2017_133434.png,-0.5318794,1.7191142,1.7191142,1.7191142,18.237974,1.5274523,0.13179877,0.2829011,0.4340034,0.6606569,0.38700604,2.9615808
test_set\small_test_set\stable_diffusion\captions_val2017_137943.png,-1.0887858,1.1406566,1.1406566,1.1406566,18.593596,1.052973,-0.20036234,-0.063958034,0.07244628,0.27705276,-0.08573872,2.6522105
test_set\small_test_set\stable_diffusion\captions_val2017_141432.png,-1.284301,1.4290076,1.4290076,1.4290076,6.0692987,1.1476812,-0.21920742,-0.022784516,0.1736384,0.46827278,-0.033971056,2.0811067
test_set\small_test_set\stable_diffusion\captions_val2017_143769.png,0.9070412,0.33477166,0.9070412,0.9070412,17.06147,1.4739826,0.41727626,0.22452027,0.03176424,0.70641035,0.33093226,2.4412472
